model,threshold_bp,threshold,net_benefit,net_benefit_ci_low,net_benefit_ci_high,n_folds,endpoint,stage
real_only,100,0.01,0.6774752350542677,0.6727088096177531,0.6829461428218521,5,any_abnormal,raw
real_only,200,0.02,0.6741841660242093,0.6693691035934445,0.6797108993812587,5,any_abnormal,raw
real_only,300,0.03,0.6708252399007475,0.6659605376511089,0.6764089498903438,5,any_abnormal,raw
real_only,400,0.04,0.6673963361497137,0.6624809599183079,0.6730382097850349,5,any_abnormal,raw
real_only,500,0.05,0.6638952449512895,0.658928127917448,0.6695965067301406,5,any_abnormal,raw
real_only,600,0.06,0.6603196624507713,0.6552997037463569,0.6660815759506741,5,any_abnormal,raw
real_only,700,0.07,0.6566671857029303,0.6515932489479308,0.6624910552619715,5,any_abnormal,raw
real_only,800,0.08,0.6529353072866577,0.6478062190451909,0.6588224797756886,5,any_abnormal,raw
real_only,900,0.09,0.6491214095645331,0.6439359577160172,0.6550732762567402,5,any_abnormal,raw
real_only,1000,0.1,0.6452227585596945,0.6399796905795284,0.6512407571040373,5,any_abnormal,raw
real_only,1100,0.11,0.6412364974199158,0.6359345185635681,0.6473221139254309,5,any_abnormal,raw
real_only,1200,0.12,0.6371596394360513,0.6317974108199722,0.6433144106745836,5,any_abnormal,raw
real_only,1300,0.13,0.6329890605789943,0.6275651971512364,0.6392145763145214,5,any_abnormal,raw
real_only,1400,0.14,0.6287214915159594,0.6232345599088088,0.6350193969693413,5,any_abnormal,raw
real_only,1500,0.15,0.624353509063206,0.6188020253195007,0.6307255075219218,5,any_abnormal,raw
real_only,1600,0.16,0.6198918202565865,0.6142691008065231,0.6263293826114685,5,any_abnormal,raw
real_only,1700,0.17,0.6152698835829087,0.6096005805501448,0.6218273269802814,5,any_abnormal,raw
real_only,1800,0.18,0.6103506917993444,0.6040363496334527,0.6172154651141872,5,any_abnormal,raw
real_only,1900,0.19,0.6046161986538461,0.5949898741396534,0.6124897301155969,5,any_abnormal,raw
real_only,2000,0.2,0.5992814396401265,0.5881611708303818,0.607645851742042,5,any_abnormal,raw
real_only,2100,0.21,0.5935284293627403,0.5798852156258126,0.602679343536245,5,any_abnormal,raw
real_only,2200,0.22,0.587439460743973,0.5705490527835839,0.5975854889661969,5,any_abnormal,raw
real_only,2300,0.23,0.5814877995369755,0.5622999731889222,0.5923593264852384,5,any_abnormal,raw
real_only,2400,0.24,0.5746329180187739,0.5504741231369169,0.5869956334126757,5,any_abnormal,raw
real_only,2500,0.25,0.568160852557502,0.5408781751218931,0.5814889085248447,5,any_abnormal,raw
real_only,2600,0.26,0.5612977086128973,0.5300501670821598,0.5758333532346399,5,any_abnormal,raw
real_only,2700,0.27,0.554914253639885,0.5219302426943457,0.5700228512241555,5,any_abnormal,raw
real_only,2800,0.28,0.5476329544892096,0.510342397923457,0.5640509463800466,5,any_abnormal,raw
real_only,2900,0.29,0.5401937376980286,0.4988836647098023,0.5579108188642726,5,any_abnormal,raw
real_only,3000,0.3,0.5322007513361202,0.4859024953080613,0.5515952591337623,5,any_abnormal,raw
real_only,3100,0.31,0.524434241790867,0.474418034612976,0.5450966397009183,5,any_abnormal,raw
real_only,3200,0.32,0.5154029809328377,0.4596275801366793,0.5383703283046862,5,any_abnormal,raw
real_only,3300,0.33,0.5059237821423272,0.4455779856931703,0.5314863823967857,5,any_abnormal,raw
real_only,3400,0.34,0.4968926657491909,0.4324937857953259,0.5243373362800544,5,any_abnormal,raw
real_only,3500,0.35,0.4874323903018849,0.4192680631913271,0.5169633312567654,5,any_abnormal,raw
real_only,3600,0.36,0.4776104613800506,0.4090731276061254,0.5094610569093816,5,any_abnormal,raw
real_only,3700,0.37,0.4676466911965425,0.3953594175099173,0.5016151095318887,5,any_abnormal,raw
real_only,3800,0.38,0.4569066358982597,0.3853814574962302,0.4934384943205575,5,any_abnormal,raw
real_only,3900,0.39,0.4452798334809221,0.3752255704040999,0.4851005434232828,5,any_abnormal,raw
real_only,4000,0.4,0.432238606074326,0.365657930289111,0.4765188858136709,5,any_abnormal,raw
real_only,4100,0.41,0.420283175128288,0.3558886970539341,0.4675405354658328,5,any_abnormal,raw
real_only,4200,0.42,0.4075669677447948,0.3460765113985213,0.4579049915478373,5,any_abnormal,raw
real_only,4300,0.43,0.3958545780240344,0.3344373497916637,0.4480228058516857,5,any_abnormal,raw
real_only,4400,0.44,0.3843645858001437,0.3238699965260354,0.4366872957220161,5,any_abnormal,raw
real_only,4500,0.45,0.3752040785842461,0.3196015818820466,0.4248904632322627,5,any_abnormal,raw
real_only,4600,0.46,0.3653580070208008,0.3124761075585177,0.4141191361585849,5,any_abnormal,raw
real_only,4700,0.47,0.3539749167121473,0.3029354636431764,0.400628739479565,5,any_abnormal,raw
real_only,4800,0.48,0.3435006687522223,0.2954108037328788,0.3909359362896245,5,any_abnormal,raw
real_only,4900,0.49,0.3306934830629857,0.2878533093864402,0.378389943880018,5,any_abnormal,raw
real_only,5000,0.5,0.3177866172035315,0.2796080460357682,0.36718042603533,5,any_abnormal,raw
rla_selected,100,0.01,0.6774752350542677,0.6727088096177531,0.6829461428218521,5,any_abnormal,raw
rla_selected,200,0.02,0.6741841660242093,0.6693691035934445,0.6797108993812587,5,any_abnormal,raw
rla_selected,300,0.03,0.6708252399007475,0.6659605376511089,0.6764089498903438,5,any_abnormal,raw
rla_selected,400,0.04,0.6673963361497137,0.6624809599183079,0.6730382097850349,5,any_abnormal,raw
rla_selected,500,0.05,0.6638952449512895,0.658928127917448,0.6695965067301406,5,any_abnormal,raw
rla_selected,600,0.06,0.6603196624507713,0.6552997037463569,0.6660815759506741,5,any_abnormal,raw
rla_selected,700,0.07,0.6566671857029303,0.6515932489479308,0.6624910552619715,5,any_abnormal,raw
rla_selected,800,0.08,0.6529353072866577,0.6478062190451909,0.6588224797756886,5,any_abnormal,raw
rla_selected,900,0.09,0.6491214095645331,0.6439359577160172,0.6550732762567402,5,any_abnormal,raw
rla_selected,1000,0.1,0.6452287645657006,0.6400067176065555,0.6512407571040373,5,any_abnormal,raw
rla_selected,1100,0.11,0.6412498590961988,0.6359946461068418,0.6473221139254309,5,any_abnormal,raw
rla_selected,1200,0.12,0.6371964944729063,0.6319632584858199,0.6433144106745836,5,any_abnormal,raw
rla_selected,1300,0.13,0.6330536769194728,0.6278559706833892,0.6392145763145214,5,any_abnormal,raw
rla_selected,1400,0.14,0.6287089208057142,0.6231779917127058,0.6350193969693413,5,any_abnormal,raw
rla_selected,1500,0.15,0.6244107427674985,0.6190595769888171,0.6307255075219218,5,any_abnormal,raw
rla_selected,1600,0.16,0.6192097123564295,0.6112407881691859,0.6263293826114685,5,any_abnormal,raw
rla_selected,1700,0.17,0.614464274179024,0.6058477270041777,0.6218273269802814,5,any_abnormal,raw
rla_selected,1800,0.18,0.6094844529716977,0.6000324224224883,0.6172154651141872,5,any_abnormal,raw
rla_selected,1900,0.19,0.6042054786480617,0.5932240121775382,0.6122464868723537,5,any_abnormal,raw
rla_selected,2000,0.2,0.5981323893469259,0.5833217574505064,0.6074093634298984,5,any_abnormal,raw
rla_selected,2100,0.21,0.5921354587617349,0.5749009343019515,0.6018808449566062,5,any_abnormal,raw
rla_selected,2200,0.22,0.5852502219343614,0.5646910763568423,0.5951246562381391,5,any_abnormal,raw
rla_selected,2300,0.23,0.5780323512120324,0.5519113517838187,0.5888988331822701,5,any_abnormal,raw
rla_selected,2400,0.24,0.5718976678864618,0.5443671407866006,0.5829046418964079,5,any_abnormal,raw
rla_selected,2500,0.25,0.5653485714842106,0.5342549274483887,0.5778583168415646,5,any_abnormal,raw
rla_selected,2600,0.26,0.5577213210493916,0.5252404785076744,0.5710379592588345,5,any_abnormal,raw
rla_selected,2700,0.27,0.5501374422654713,0.5152067399056921,0.5633435754528054,5,any_abnormal,raw
rla_selected,2800,0.28,0.542790120842269,0.5039385358068147,0.5558587566220637,5,any_abnormal,raw
rla_selected,2900,0.29,0.5355060568101276,0.4906278015993167,0.5497509238081828,5,any_abnormal,raw
rla_selected,3000,0.3,0.5271475996782671,0.4774294644356789,0.5453313776199482,5,any_abnormal,raw
rla_selected,3100,0.31,0.5201402356505207,0.4682235037099997,0.541873524194401,5,any_abnormal,raw
rla_selected,3200,0.32,0.5115487259276378,0.4571339800311779,0.5366228523292592,5,any_abnormal,raw
rla_selected,3300,0.33,0.5018594586311016,0.4460155910022464,0.5302366847201443,5,any_abnormal,raw
rla_selected,3400,0.34,0.4932211932892829,0.435281062005731,0.5271990371152759,5,any_abnormal,raw
rla_selected,3500,0.35,0.485469662916299,0.4283429196244651,0.5224201359299981,5,any_abnormal,raw
rla_selected,3600,0.36,0.4770146938007989,0.419281738591469,0.5178667927587138,5,any_abnormal,raw
rla_selected,3700,0.37,0.4697753635057066,0.4099044381549109,0.5123844692339694,5,any_abnormal,raw
rla_selected,3800,0.38,0.4599907897368392,0.3994129836489442,0.5059591566359573,5,any_abnormal,raw
rla_selected,3900,0.39,0.4520827454817381,0.3913418270481447,0.5004354162144924,5,any_abnormal,raw
rla_selected,4000,0.4,0.4433311522817061,0.3835025595711896,0.4944249301990452,5,any_abnormal,raw
rla_selected,4100,0.41,0.4350173499306807,0.3754199297140601,0.4866572937227226,5,any_abnormal,raw
rla_selected,4200,0.42,0.4275797312280275,0.3682439719951762,0.4813638438818959,5,any_abnormal,raw
rla_selected,4300,0.43,0.4204131350451975,0.3617133624900373,0.474537464981015,5,any_abnormal,raw
rla_selected,4400,0.44,0.4120158853028347,0.3509997725752927,0.4680549658393484,5,any_abnormal,raw
rla_selected,4500,0.45,0.4043008935097559,0.3437250693251773,0.4601950332833877,5,any_abnormal,raw
rla_selected,4600,0.46,0.3965500761501842,0.3340206526439977,0.4522131155743692,5,any_abnormal,raw
rla_selected,4700,0.47,0.389671529987416,0.3264688407187935,0.4477086763903687,5,any_abnormal,raw
rla_selected,4800,0.48,0.3829544748539614,0.3201762337649935,0.440835117327957,5,any_abnormal,raw
rla_selected,4900,0.49,0.3763553925685305,0.3146899000499298,0.4366276205159178,5,any_abnormal,raw
rla_selected,5000,0.5,0.3703701994347765,0.3078565398686987,0.4323426101053769,5,any_abnormal,raw
treat_all,100,0.01,0.6774752350542677,0.6727088096177531,0.6829461428218521,5,any_abnormal,raw
treat_all,200,0.02,0.6741841660242093,0.6693691035934445,0.6797108993812587,5,any_abnormal,raw
treat_all,300,0.03,0.6708252399007475,0.6659605376511089,0.6764089498903438,5,any_abnormal,raw
treat_all,400,0.04,0.6673963361497137,0.6624809599183079,0.6730382097850349,5,any_abnormal,raw
treat_all,500,0.05,0.6638952449512895,0.658928127917448,0.6695965067301406,5,any_abnormal,raw
treat_all,600,0.06,0.6603196624507713,0.6552997037463569,0.6660815759506741,5,any_abnormal,raw
treat_all,700,0.07,0.6566671857029303,0.6515932489479308,0.6624910552619715,5,any_abnormal,raw
treat_all,800,0.08,0.6529353072866577,0.6478062190451909,0.6588224797756886,5,any_abnormal,raw
treat_all,900,0.09,0.6491214095645331,0.6439359577160172,0.6550732762567402,5,any_abnormal,raw
treat_all,1000,0.1,0.6452227585596945,0.6399796905795284,0.6512407571040373,5,any_abnormal,raw
treat_all,1100,0.11,0.6412364974199158,0.6359345185635681,0.6473221139254309,5,any_abnormal,raw
treat_all,1200,0.12,0.6371596394360513,0.6317974108199722,0.6433144106745836,5,any_abnormal,raw
treat_all,1300,0.13,0.6329890605789943,0.6275651971512364,0.6392145763145214,5,any_abnormal,raw
treat_all,1400,0.14,0.6287214915159594,0.6232345599088088,0.6350193969693413,5,any_abnormal,raw
treat_all,1500,0.15,0.624353509063206,0.6188020253195007,0.6307255075219218,5,any_abnormal,raw
treat_all,1600,0.16,0.6198815270282442,0.6142639541923519,0.6263293826114685,5,any_abnormal,raw
treat_all,1700,0.17,0.6153017863900302,0.6096165319537055,0.6218273269802814,5,any_abnormal,raw
treat_all,1800,0.18,0.6106103447606404,0.6048557579531411,0.6172154651141872,5,any_abnormal,raw
treat_all,1900,0.19,0.6058030650663273,0.5999774339772539,0.6124897301155969,5,any_abnormal,raw
treat_all,2000,0.2,0.6008756033796564,0.5949771519019695,0.607645851742042,5,any_abnormal,raw
treat_all,2100,0.21,0.5958233958275001,0.5898502804070577,0.602679343536245,5,any_abnormal,raw
treat_all,2200,0.22,0.5906416444919552,0.5845919506686866,0.5975854889661969,5,any_abnormal,raw
treat_all,2300,0.23,0.5853253022126299,0.5791970409371111,0.5923593264852384,5,any_abnormal,raw
treat_all,2400,0.24,0.5798690561891119,0.57366015989681,0.5869956334126757,5,any_abnormal,raw
treat_all,2500,0.25,0.5742673102716334,0.5679756286954342,0.5814889085248447,5,any_abnormal,raw
treat_all,2600,0.26,0.5685141658158447,0.5621374615156427,0.5758333532346399,5,any_abnormal,raw
treat_all,2700,0.27,0.5626034009640069,0.5561393445501036,0.5700228512241555,5,any_abnormal,raw
treat_all,2800,0.28,0.5565284481996181,0.5499746132244105,0.5640509463800466,5,any_abnormal,raw
treat_all,2900,0.29,0.5502823700052466,0.5436362274951769,0.5579108188642726,5,any_abnormal,raw
treat_all,3000,0.3,0.543857832433893,0.5371167450308223,0.5515952591337623,5,any_abnormal,raw
treat_all,3100,0.31,0.5372470763822103,0.5304082920602544,0.5450966397009183,5,any_abnormal,raw
treat_all,3200,0.32,0.5304418863290075,0.5235025316493758,0.5384068844024023,5,any_abnormal,raw
treat_all,3300,0.33,0.5234335562742165,0.51639062913668,0.5315174349158709,5,any_abnormal,raw
treat_all,3400,0.34,0.5162128525814016,0.5090632144266296,0.524419214232778,5,any_abnormal,raw
treat_all,3500,0.35,0.5087699733903462,0.501510340802424,0.5171025867594362,5,any_abnormal,raw
treat_all,3600,0.36,0.5010945042245705,0.4937214398774618,0.5095573146775524,5,any_abnormal,raw
treat_all,3700,0.37,0.4931753693709922,0.4856852722564692,0.5017725101486247,5,any_abnormal,raw
treat_all,3800,0.38,0.4850007785543952,0.4773898734218961,0.4937365828929573,5,any_abnormal,raw
treat_all,3900,0.39,0.4765581683667624,0.4688224942976649,0.4854371826125139,5,any_abnormal,raw
treat_all,4000,0.4,0.4678341378395417,0.4599695358692927,0.4768611356560558,5,any_abnormal,raw
treat_all,4100,0.41,0.4588143774639409,0.4508164771552129,0.4679943752434468,5,any_abnormal,raw
treat_all,4200,0.42,0.4494835908684915,0.4413477957268544,0.4588218644717819,5,any_abnormal,raw
treat_all,4300,0.43,0.4398254082521493,0.4315468798624133,0.4493275112169009,5,any_abnormal,raw
treat_all,4400,0.44,0.4298222905423662,0.4213959312885278,0.4394940739172027,5,any_abnormal,raw
treat_all,4500,0.45,0.4194554230976819,0.4108758573119556,0.4293030570793337,5,any_abnormal,raw
treat_all,4600,0.46,0.4087045975994908,0.3999661509658807,0.4187345951733955,5,any_abnormal,raw
treat_all,4700,0.47,0.3975480805730661,0.3886447575878785,0.4077673233842142,5,any_abnormal,raw
treat_all,4800,0.48,0.3859624667379328,0.37688792600303,0.3963782334492952,5,any_abnormal,raw
treat_all,4900,0.49,0.3739225151053432,0.3646700421991679,0.3845425125365364,5,any_abnormal,raw
treat_all,5000,0.5,0.3614009654074501,0.3519634430431511,0.372233362787267,5,any_abnormal,raw
treat_none,100,0.01,0.0,0.0,0.0,5,any_abnormal,raw
treat_none,200,0.02,0.0,0.0,0.0,5,any_abnormal,raw
treat_none,300,0.03,0.0,0.0,0.0,5,any_abnormal,raw
treat_none,400,0.04,0.0,0.0,0.0,5,any_abnormal,raw
treat_none,500,0.05,0.0,0.0,0.0,5,any_abnormal,raw
treat_none,600,0.06,0.0,0.0,0.0,5,any_abnormal,raw
treat_none,700,0.07,0.0,0.0,0.0,5,any_abnormal,raw
treat_none,800,0.08,0.0,0.0,0.0,5,any_abnormal,raw
treat_none,900,0.09,0.0,0.0,0.0,5,any_abnormal,raw
treat_none,1000,0.1,0.0,0.0,0.0,5,any_abnormal,raw
treat_none,1100,0.11,0.0,0.0,0.0,5,any_abnormal,raw
treat_none,1200,0.12,0.0,0.0,0.0,5,any_abnormal,raw
treat_none,1300,0.13,0.0,0.0,0.0,5,any_abnormal,raw
treat_none,1400,0.14,0.0,0.0,0.0,5,any_abnormal,raw
treat_none,1500,0.15,0.0,0.0,0.0,5,any_abnormal,raw
treat_none,1600,0.16,0.0,0.0,0.0,5,any_abnormal,raw
treat_none,1700,0.17,0.0,0.0,0.0,5,any_abnormal,raw
treat_none,1800,0.18,0.0,0.0,0.0,5,any_abnormal,raw
treat_none,1900,0.19,0.0,0.0,0.0,5,any_abnormal,raw
treat_none,2000,0.2,0.0,0.0,0.0,5,any_abnormal,raw
treat_none,2100,0.21,0.0,0.0,0.0,5,any_abnormal,raw
treat_none,2200,0.22,0.0,0.0,0.0,5,any_abnormal,raw
treat_none,2300,0.23,0.0,0.0,0.0,5,any_abnormal,raw
treat_none,2400,0.24,0.0,0.0,0.0,5,any_abnormal,raw
treat_none,2500,0.25,0.0,0.0,0.0,5,any_abnormal,raw
treat_none,2600,0.26,0.0,0.0,0.0,5,any_abnormal,raw
treat_none,2700,0.27,0.0,0.0,0.0,5,any_abnormal,raw
treat_none,2800,0.28,0.0,0.0,0.0,5,any_abnormal,raw
treat_none,2900,0.29,0.0,0.0,0.0,5,any_abnormal,raw
treat_none,3000,0.3,0.0,0.0,0.0,5,any_abnormal,raw
treat_none,3100,0.31,0.0,0.0,0.0,5,any_abnormal,raw
treat_none,3200,0.32,0.0,0.0,0.0,5,any_abnormal,raw
treat_none,3300,0.33,0.0,0.0,0.0,5,any_abnormal,raw
treat_none,3400,0.34,0.0,0.0,0.0,5,any_abnormal,raw
treat_none,3500,0.35,0.0,0.0,0.0,5,any_abnormal,raw
treat_none,3600,0.36,0.0,0.0,0.0,5,any_abnormal,raw
treat_none,3700,0.37,0.0,0.0,0.0,5,any_abnormal,raw
treat_none,3800,0.38,0.0,0.0,0.0,5,any_abnormal,raw
treat_none,3900,0.39,0.0,0.0,0.0,5,any_abnormal,raw
treat_none,4000,0.4,0.0,0.0,0.0,5,any_abnormal,raw
treat_none,4100,0.41,0.0,0.0,0.0,5,any_abnormal,raw
treat_none,4200,0.42,0.0,0.0,0.0,5,any_abnormal,raw
treat_none,4300,0.43,0.0,0.0,0.0,5,any_abnormal,raw
treat_none,4400,0.44,0.0,0.0,0.0,5,any_abnormal,raw
treat_none,4500,0.45,0.0,0.0,0.0,5,any_abnormal,raw
treat_none,4600,0.46,0.0,0.0,0.0,5,any_abnormal,raw
treat_none,4700,0.47,0.0,0.0,0.0,5,any_abnormal,raw
treat_none,4800,0.48,0.0,0.0,0.0,5,any_abnormal,raw
treat_none,4900,0.49,0.0,0.0,0.0,5,any_abnormal,raw
treat_none,5000,0.5,0.0,0.0,0.0,5,any_abnormal,raw
real_only,100,0.01,0.6774752350542677,0.6727088096177531,0.6829461428218521,5,any_abnormal,calibrated
real_only,200,0.02,0.6741841660242093,0.6693691035934445,0.6797108993812587,5,any_abnormal,calibrated
real_only,300,0.03,0.6708252399007475,0.6659605376511089,0.6764089498903438,5,any_abnormal,calibrated
real_only,400,0.04,0.6673963361497137,0.6624809599183079,0.6730382097850349,5,any_abnormal,calibrated
real_only,500,0.05,0.6638952449512895,0.658928127917448,0.6695965067301406,5,any_abnormal,calibrated
real_only,600,0.06,0.6603196624507713,0.6552997037463569,0.6660815759506741,5,any_abnormal,calibrated
real_only,700,0.07,0.6566671857029303,0.6515932489479308,0.6624910552619715,5,any_abnormal,calibrated
real_only,800,0.08,0.6529353072866577,0.6478062190451909,0.6588224797756886,5,any_abnormal,calibrated
real_only,900,0.09,0.6491214095645331,0.6439359577160172,0.6550732762567402,5,any_abnormal,calibrated
real_only,1000,0.1,0.6452227585596945,0.6399796905795284,0.6512407571040373,5,any_abnormal,calibrated
real_only,1100,0.11,0.6412364974199158,0.6359345185635681,0.6473221139254309,5,any_abnormal,calibrated
real_only,1200,0.12,0.6371596394360513,0.6317974108199722,0.6433144106745836,5,any_abnormal,calibrated
real_only,1300,0.13,0.6329890605789943,0.6275651971512364,0.6392145763145214,5,any_abnormal,calibrated
real_only,1400,0.14,0.6287214915159594,0.6232345599088088,0.6350193969693413,5,any_abnormal,calibrated
real_only,1500,0.15,0.624353509063206,0.6188020253195007,0.6307255075219218,5,any_abnormal,calibrated
real_only,1600,0.16,0.6198815270282442,0.6142639541923519,0.6263293826114685,5,any_abnormal,calibrated
real_only,1700,0.17,0.6153128547108683,0.6096220661141245,0.6218273269802814,5,any_abnormal,calibrated
real_only,1800,0.18,0.6105800299479002,0.604840600546771,0.6172154651141872,5,any_abnormal,calibrated
real_only,1900,0.19,0.605414781619411,0.5985834974846953,0.6124897301155969,5,any_abnormal,calibrated
real_only,2000,0.2,0.5997137552305075,0.5901065909870962,0.607645851742042,5,any_abnormal,calibrated
real_only,2100,0.21,0.5942754050347278,0.5832466061497558,0.602679343536245,5,any_abnormal,calibrated
real_only,2200,0.22,0.5884177133298992,0.5749511894202518,0.5975854889661969,5,any_abnormal,calibrated
real_only,2300,0.23,0.5821503091430138,0.5652812664160949,0.5923593264852384,5,any_abnormal,calibrated
real_only,2400,0.24,0.5760749180472157,0.5574494783040838,0.5869956334126757,5,any_abnormal,calibrated
real_only,2500,0.25,0.5687372733446767,0.5443637195693396,0.5814889085248447,5,any_abnormal,calibrated
real_only,2600,0.26,0.5620747082550686,0.5352029015512954,0.5758333532346399,5,any_abnormal,calibrated
real_only,2700,0.27,0.5548683625236722,0.525431335437624,0.5700228512241555,5,any_abnormal,calibrated
real_only,2800,0.28,0.5475788955667367,0.5164398393259513,0.5640509463800466,5,any_abnormal,calibrated
real_only,2900,0.29,0.5392771809222026,0.5048652141567722,0.5579108188642726,5,any_abnormal,calibrated
real_only,3000,0.3,0.5304943378550512,0.4915456023051267,0.5515952591337623,5,any_abnormal,calibrated
real_only,3100,0.31,0.5223875132254301,0.4789924523633156,0.5450966397009183,5,any_abnormal,calibrated
real_only,3200,0.32,0.5127037903647405,0.4668007056916254,0.5384068844024023,5,any_abnormal,calibrated
real_only,3300,0.33,0.5028713519965985,0.4517411591058488,0.5315174349158709,5,any_abnormal,calibrated
real_only,3400,0.34,0.4922857319258291,0.4360533189228136,0.524419214232778,5,any_abnormal,calibrated
real_only,3500,0.35,0.482372955334317,0.4238168478373827,0.5171025867594362,5,any_abnormal,calibrated
real_only,3600,0.36,0.4703112325375903,0.4091005809240746,0.5092617207182865,5,any_abnormal,calibrated
real_only,3700,0.37,0.4580146766599077,0.3973507803553737,0.5012057951339226,5,any_abnormal,calibrated
real_only,3800,0.38,0.4465104193192678,0.3862600343411981,0.4919048552348183,5,any_abnormal,calibrated
real_only,3900,0.39,0.4357692525113558,0.3755227873724868,0.4828456785859525,5,any_abnormal,calibrated
real_only,4000,0.4,0.422834271721059,0.3642979374943709,0.4729422240397651,5,any_abnormal,calibrated
real_only,4100,0.41,0.4129949494280619,0.3565211417894385,0.4637177122029269,5,any_abnormal,calibrated
real_only,4200,0.42,0.4016589143812169,0.345954960914571,0.4519161507191956,5,any_abnormal,calibrated
real_only,4300,0.43,0.3907407276159391,0.3355916134567708,0.4415831422799241,5,any_abnormal,calibrated
real_only,4400,0.44,0.381442017653582,0.3255992588875592,0.4315386110818425,5,any_abnormal,calibrated
real_only,4500,0.45,0.3714008950366691,0.3189604775122203,0.4193132303043137,5,any_abnormal,calibrated
real_only,4600,0.46,0.3615805446083748,0.3123950483853213,0.4086372798088549,5,any_abnormal,calibrated
real_only,4700,0.47,0.3503493726146757,0.3043542540771745,0.3967380986794506,5,any_abnormal,calibrated
real_only,4800,0.48,0.3405113963130715,0.2949410762164072,0.3895079348672971,5,any_abnormal,calibrated
real_only,4900,0.49,0.3292870598716713,0.287658176144261,0.3786038882629152,5,any_abnormal,calibrated
real_only,5000,0.5,0.3177866172035315,0.2796080460357682,0.36718042603533,5,any_abnormal,calibrated
rla_selected,100,0.01,0.6774752350542677,0.6727088096177531,0.6829461428218521,5,any_abnormal,calibrated
rla_selected,200,0.02,0.6741841660242093,0.6693691035934445,0.6797108993812587,5,any_abnormal,calibrated
rla_selected,300,0.03,0.6708252399007475,0.6659605376511089,0.6764089498903438,5,any_abnormal,calibrated
rla_selected,400,0.04,0.6673963361497137,0.6624809599183079,0.6730382097850349,5,any_abnormal,calibrated
rla_selected,500,0.05,0.6638952449512895,0.658928127917448,0.6695965067301406,5,any_abnormal,calibrated
rla_selected,600,0.06,0.6603196624507713,0.6552997037463569,0.6660815759506741,5,any_abnormal,calibrated
rla_selected,700,0.07,0.6566671857029303,0.6515932489479308,0.6624910552619715,5,any_abnormal,calibrated
rla_selected,800,0.08,0.6529353072866577,0.6478062190451909,0.6588224797756886,5,any_abnormal,calibrated
rla_selected,900,0.09,0.6491214095645331,0.6439359577160172,0.6550732762567402,5,any_abnormal,calibrated
rla_selected,1000,0.1,0.6452227585596945,0.6399796905795284,0.6512407571040373,5,any_abnormal,calibrated
rla_selected,1100,0.11,0.6412364974199158,0.6359345185635681,0.6473221139254309,5,any_abnormal,calibrated
rla_selected,1200,0.12,0.6371670104434223,0.6318305803531419,0.6433144106745836,5,any_abnormal,calibrated
rla_selected,1300,0.13,0.6329971376215541,0.6276015438427555,0.6392145763145214,5,any_abnormal,calibrated
rla_selected,1400,0.14,0.6287566895046457,0.6233929508578975,0.6350193969693413,5,any_abnormal,calibrated
rla_selected,1500,0.15,0.6244012038167831,0.6190166517105977,0.6307255075219218,5,any_abnormal,calibrated
rla_selected,1600,0.16,0.6200256711723883,0.6146767460323256,0.6263293826114685,5,any_abnormal,calibrated
rla_selected,1700,0.17,0.6153525987810242,0.6100137826989476,0.6218273269802814,5,any_abnormal,calibrated
rla_selected,1800,0.18,0.610651226298296,0.6052295219610513,0.6172213962732016,5,any_abnormal,calibrated
rla_selected,1900,0.19,0.6051097093671173,0.5969293859292057,0.6125024060356853,5,any_abnormal,calibrated
rla_selected,2000,0.2,0.5997810562521451,0.5913285032533209,0.6071120807378576,5,any_abnormal,calibrated
rla_selected,2100,0.21,0.594643193492933,0.5864181881476865,0.6022506978400767,5,any_abnormal,calibrated
rla_selected,2200,0.22,0.5882579213387104,0.5781394390046106,0.5963748674994284,5,any_abnormal,calibrated
rla_selected,2300,0.23,0.5817607915062657,0.5698910001176956,0.5894748534945778,5,any_abnormal,calibrated
rla_selected,2400,0.24,0.5743815361885585,0.5591637379924614,0.583015596107776,5,any_abnormal,calibrated
rla_selected,2500,0.25,0.5666102027453014,0.5469215892466365,0.5768583679599621,5,any_abnormal,calibrated
rla_selected,2600,0.26,0.559717173156565,0.5380958288374472,0.5709773758656822,5,any_abnormal,calibrated
rla_selected,2700,0.27,0.5533918607306769,0.5306528515612768,0.5636823571803492,5,any_abnormal,calibrated
rla_selected,2800,0.28,0.5460037064895211,0.5219806504694373,0.5570856249386376,5,any_abnormal,calibrated
rla_selected,2900,0.29,0.5372785013608088,0.511336462732374,0.5483639641216733,5,any_abnormal,calibrated
rla_selected,3000,0.3,0.5296811484739072,0.4975803544695736,0.5433396379356931,5,any_abnormal,calibrated
rla_selected,3100,0.31,0.520431092770578,0.4833378831882173,0.5391915228551625,5,any_abnormal,calibrated
rla_selected,3200,0.32,0.5100842310912403,0.4686130848492372,0.5353195479759048,5,any_abnormal,calibrated
rla_selected,3300,0.33,0.5019508136381269,0.459591717468072,0.5308339416131985,5,any_abnormal,calibrated
rla_selected,3400,0.34,0.4923262247779945,0.4457720214626456,0.525023539911408,5,any_abnormal,calibrated
rla_selected,3500,0.35,0.4852334521040277,0.4376239337460629,0.5221561740070252,5,any_abnormal,calibrated
rla_selected,3600,0.36,0.4771943311522817,0.4274812915793394,0.5167556065928128,5,any_abnormal,calibrated
rla_selected,3700,0.37,0.4696138796765653,0.4194070385280868,0.5135270175799763,5,any_abnormal,calibrated
rla_selected,3800,0.38,0.4602912980704335,0.4082458625310862,0.5065962991693614,5,any_abnormal,calibrated
rla_selected,3900,0.39,0.4510822526141912,0.3981121637005027,0.5005275490452292,5,any_abnormal,calibrated
rla_selected,4000,0.4,0.4433496133258359,0.3891874170847421,0.4946050616950373,5,any_abnormal,calibrated
rla_selected,4100,0.41,0.4361269924571277,0.3812193767689534,0.4889081741535728,5,any_abnormal,calibrated
rla_selected,4200,0.42,0.4279006243243494,0.3731816329835038,0.4808746936988139,5,any_abnormal,calibrated
rla_selected,4300,0.43,0.4198872420394625,0.3652204052343701,0.4752812184473612,5,any_abnormal,calibrated
rla_selected,4400,0.44,0.41234825190729,0.3567122555836416,0.468676419500521,5,any_abnormal,calibrated
rla_selected,4500,0.45,0.4046892034625079,0.3470568323721525,0.4608238559603055,5,any_abnormal,calibrated
rla_selected,4600,0.46,0.3970066559399172,0.335995734183251,0.4538042771222992,5,any_abnormal,calibrated
rla_selected,4700,0.47,0.3893056368987198,0.3280752557883317,0.4479549127466825,5,any_abnormal,calibrated
rla_selected,4800,0.48,0.3830044607823586,0.3216607002321673,0.4415521792446948,5,any_abnormal,calibrated
rla_selected,4900,0.49,0.3764592628612527,0.3151027471198648,0.4371399356824599,5,any_abnormal,calibrated
rla_selected,5000,0.5,0.3703701994347765,0.3078565398686987,0.4323426101053769,5,any_abnormal,calibrated
treat_all,100,0.01,0.6774752350542677,0.6727088096177531,0.6829461428218521,5,any_abnormal,calibrated
treat_all,200,0.02,0.6741841660242093,0.6693691035934445,0.6797108993812587,5,any_abnormal,calibrated
treat_all,300,0.03,0.6708252399007475,0.6659605376511089,0.6764089498903438,5,any_abnormal,calibrated
treat_all,400,0.04,0.6673963361497137,0.6624809599183079,0.6730382097850349,5,any_abnormal,calibrated
treat_all,500,0.05,0.6638952449512895,0.658928127917448,0.6695965067301406,5,any_abnormal,calibrated
treat_all,600,0.06,0.6603196624507713,0.6552997037463569,0.6660815759506741,5,any_abnormal,calibrated
treat_all,700,0.07,0.6566671857029303,0.6515932489479308,0.6624910552619715,5,any_abnormal,calibrated
treat_all,800,0.08,0.6529353072866577,0.6478062190451909,0.6588224797756886,5,any_abnormal,calibrated
treat_all,900,0.09,0.6491214095645331,0.6439359577160172,0.6550732762567402,5,any_abnormal,calibrated
treat_all,1000,0.1,0.6452227585596945,0.6399796905795284,0.6512407571040373,5,any_abnormal,calibrated
treat_all,1100,0.11,0.6412364974199158,0.6359345185635681,0.6473221139254309,5,any_abnormal,calibrated
treat_all,1200,0.12,0.6371596394360513,0.6317974108199722,0.6433144106745836,5,any_abnormal,calibrated
treat_all,1300,0.13,0.6329890605789943,0.6275651971512364,0.6392145763145214,5,any_abnormal,calibrated
treat_all,1400,0.14,0.6287214915159594,0.6232345599088088,0.6350193969693413,5,any_abnormal,calibrated
treat_all,1500,0.15,0.624353509063206,0.6188020253195007,0.6307255075219218,5,any_abnormal,calibrated
treat_all,1600,0.16,0.6198815270282442,0.6142639541923519,0.6263293826114685,5,any_abnormal,calibrated
treat_all,1700,0.17,0.6153017863900302,0.6096165319537055,0.6218273269802814,5,any_abnormal,calibrated
treat_all,1800,0.18,0.6106103447606404,0.6048557579531411,0.6172154651141872,5,any_abnormal,calibrated
treat_all,1900,0.19,0.6058030650663273,0.5999774339772539,0.6124897301155969,5,any_abnormal,calibrated
treat_all,2000,0.2,0.6008756033796564,0.5949771519019695,0.607645851742042,5,any_abnormal,calibrated
treat_all,2100,0.21,0.5958233958275001,0.5898502804070577,0.602679343536245,5,any_abnormal,calibrated
treat_all,2200,0.22,0.5906416444919552,0.5845919506686866,0.5975854889661969,5,any_abnormal,calibrated
treat_all,2300,0.23,0.5853253022126299,0.5791970409371111,0.5923593264852384,5,any_abnormal,calibrated
treat_all,2400,0.24,0.5798690561891119,0.57366015989681,0.5869956334126757,5,any_abnormal,calibrated
treat_all,2500,0.25,0.5742673102716334,0.5679756286954342,0.5814889085248447,5,any_abnormal,calibrated
treat_all,2600,0.26,0.5685141658158447,0.5621374615156427,0.5758333532346399,5,any_abnormal,calibrated
treat_all,2700,0.27,0.5626034009640069,0.5561393445501036,0.5700228512241555,5,any_abnormal,calibrated
treat_all,2800,0.28,0.5565284481996181,0.5499746132244105,0.5640509463800466,5,any_abnormal,calibrated
treat_all,2900,0.29,0.5502823700052466,0.5436362274951769,0.5579108188642726,5,any_abnormal,calibrated
treat_all,3000,0.3,0.543857832433893,0.5371167450308223,0.5515952591337623,5,any_abnormal,calibrated
treat_all,3100,0.31,0.5372470763822103,0.5304082920602544,0.5450966397009183,5,any_abnormal,calibrated
treat_all,3200,0.32,0.5304418863290075,0.5235025316493758,0.5384068844024023,5,any_abnormal,calibrated
treat_all,3300,0.33,0.5234335562742165,0.51639062913668,0.5315174349158709,5,any_abnormal,calibrated
treat_all,3400,0.34,0.5162128525814016,0.5090632144266296,0.524419214232778,5,any_abnormal,calibrated
treat_all,3500,0.35,0.5087699733903462,0.501510340802424,0.5171025867594362,5,any_abnormal,calibrated
treat_all,3600,0.36,0.5010945042245705,0.4937214398774618,0.5095573146775524,5,any_abnormal,calibrated
treat_all,3700,0.37,0.4931753693709922,0.4856852722564692,0.5017725101486247,5,any_abnormal,calibrated
treat_all,3800,0.38,0.4850007785543952,0.4773898734218961,0.4937365828929573,5,any_abnormal,calibrated
treat_all,3900,0.39,0.4765581683667624,0.4688224942976649,0.4854371826125139,5,any_abnormal,calibrated
treat_all,4000,0.4,0.4678341378395417,0.4599695358692927,0.4768611356560558,5,any_abnormal,calibrated
treat_all,4100,0.41,0.4588143774639409,0.4508164771552129,0.4679943752434468,5,any_abnormal,calibrated
treat_all,4200,0.42,0.4494835908684915,0.4413477957268544,0.4588218644717819,5,any_abnormal,calibrated
treat_all,4300,0.43,0.4398254082521493,0.4315468798624133,0.4493275112169009,5,any_abnormal,calibrated
treat_all,4400,0.44,0.4298222905423662,0.4213959312885278,0.4394940739172027,5,any_abnormal,calibrated
treat_all,4500,0.45,0.4194554230976819,0.4108758573119556,0.4293030570793337,5,any_abnormal,calibrated
treat_all,4600,0.46,0.4087045975994908,0.3999661509658807,0.4187345951733955,5,any_abnormal,calibrated
treat_all,4700,0.47,0.3975480805730661,0.3886447575878785,0.4077673233842142,5,any_abnormal,calibrated
treat_all,4800,0.48,0.3859624667379328,0.37688792600303,0.3963782334492952,5,any_abnormal,calibrated
treat_all,4900,0.49,0.3739225151053432,0.3646700421991679,0.3845425125365364,5,any_abnormal,calibrated
treat_all,5000,0.5,0.3614009654074501,0.3519634430431511,0.372233362787267,5,any_abnormal,calibrated
treat_none,100,0.01,0.0,0.0,0.0,5,any_abnormal,calibrated
treat_none,200,0.02,0.0,0.0,0.0,5,any_abnormal,calibrated
treat_none,300,0.03,0.0,0.0,0.0,5,any_abnormal,calibrated
treat_none,400,0.04,0.0,0.0,0.0,5,any_abnormal,calibrated
treat_none,500,0.05,0.0,0.0,0.0,5,any_abnormal,calibrated
treat_none,600,0.06,0.0,0.0,0.0,5,any_abnormal,calibrated
treat_none,700,0.07,0.0,0.0,0.0,5,any_abnormal,calibrated
treat_none,800,0.08,0.0,0.0,0.0,5,any_abnormal,calibrated
treat_none,900,0.09,0.0,0.0,0.0,5,any_abnormal,calibrated
treat_none,1000,0.1,0.0,0.0,0.0,5,any_abnormal,calibrated
treat_none,1100,0.11,0.0,0.0,0.0,5,any_abnormal,calibrated
treat_none,1200,0.12,0.0,0.0,0.0,5,any_abnormal,calibrated
treat_none,1300,0.13,0.0,0.0,0.0,5,any_abnormal,calibrated
treat_none,1400,0.14,0.0,0.0,0.0,5,any_abnormal,calibrated
treat_none,1500,0.15,0.0,0.0,0.0,5,any_abnormal,calibrated
treat_none,1600,0.16,0.0,0.0,0.0,5,any_abnormal,calibrated
treat_none,1700,0.17,0.0,0.0,0.0,5,any_abnormal,calibrated
treat_none,1800,0.18,0.0,0.0,0.0,5,any_abnormal,calibrated
treat_none,1900,0.19,0.0,0.0,0.0,5,any_abnormal,calibrated
treat_none,2000,0.2,0.0,0.0,0.0,5,any_abnormal,calibrated
treat_none,2100,0.21,0.0,0.0,0.0,5,any_abnormal,calibrated
treat_none,2200,0.22,0.0,0.0,0.0,5,any_abnormal,calibrated
treat_none,2300,0.23,0.0,0.0,0.0,5,any_abnormal,calibrated
treat_none,2400,0.24,0.0,0.0,0.0,5,any_abnormal,calibrated
treat_none,2500,0.25,0.0,0.0,0.0,5,any_abnormal,calibrated
treat_none,2600,0.26,0.0,0.0,0.0,5,any_abnormal,calibrated
treat_none,2700,0.27,0.0,0.0,0.0,5,any_abnormal,calibrated
treat_none,2800,0.28,0.0,0.0,0.0,5,any_abnormal,calibrated
treat_none,2900,0.29,0.0,0.0,0.0,5,any_abnormal,calibrated
treat_none,3000,0.3,0.0,0.0,0.0,5,any_abnormal,calibrated
treat_none,3100,0.31,0.0,0.0,0.0,5,any_abnormal,calibrated
treat_none,3200,0.32,0.0,0.0,0.0,5,any_abnormal,calibrated
treat_none,3300,0.33,0.0,0.0,0.0,5,any_abnormal,calibrated
treat_none,3400,0.34,0.0,0.0,0.0,5,any_abnormal,calibrated
treat_none,3500,0.35,0.0,0.0,0.0,5,any_abnormal,calibrated
treat_none,3600,0.36,0.0,0.0,0.0,5,any_abnormal,calibrated
treat_none,3700,0.37,0.0,0.0,0.0,5,any_abnormal,calibrated
treat_none,3800,0.38,0.0,0.0,0.0,5,any_abnormal,calibrated
treat_none,3900,0.39,0.0,0.0,0.0,5,any_abnormal,calibrated
treat_none,4000,0.4,0.0,0.0,0.0,5,any_abnormal,calibrated
treat_none,4100,0.41,0.0,0.0,0.0,5,any_abnormal,calibrated
treat_none,4200,0.42,0.0,0.0,0.0,5,any_abnormal,calibrated
treat_none,4300,0.43,0.0,0.0,0.0,5,any_abnormal,calibrated
treat_none,4400,0.44,0.0,0.0,0.0,5,any_abnormal,calibrated
treat_none,4500,0.45,0.0,0.0,0.0,5,any_abnormal,calibrated
treat_none,4600,0.46,0.0,0.0,0.0,5,any_abnormal,calibrated
treat_none,4700,0.47,0.0,0.0,0.0,5,any_abnormal,calibrated
treat_none,4800,0.48,0.0,0.0,0.0,5,any_abnormal,calibrated
treat_none,4900,0.49,0.0,0.0,0.0,5,any_abnormal,calibrated
treat_none,5000,0.5,0.0,0.0,0.0,5,any_abnormal,calibrated
real_only,100,0.01,-0.0033863983607295,-0.0046150323642892,-0.0012308985559457,5,mi,raw
real_only,200,0.02,-0.0136250350786962,-0.0148662061639248,-0.0114475403779452,5,mi,raw
real_only,300,0.03,-0.0240747777083734,-0.0253287443718004,-0.0218748346086456,5,mi,raw
real_only,400,0.04,-0.0347422233095024,-0.0360092521256733,-0.0325193641358191,5,mi,raw
real_only,500,0.05,-0.0456342467127603,-0.0469146126743646,-0.0433879890214593,5,mi,raw
real_only,600,0.06,-0.0567580152948109,-0.0580520021709004,-0.0544878612450918,5,mi,raw
real_only,700,0.07,-0.0681210047065831,-0.0694289054200499,-0.0658264403982648,5,mi,raw
real_only,800,0.08,-0.0797310156273068,-0.0810531326528764,-0.0774115104025938,5,mi,raw
real_only,900,0.09,-0.0915961916232113,-0.0929328374073037,-0.0892511973300949,5,mi,raw
real_only,1000,0.1,-0.1037250381968026,-0.1050765356007182,-0.1013539884115403,5,mi,raw
real_only,1100,0.11,-0.1161130850543672,-0.1174931258883667,-0.1137220732932793,5,mi,raw
real_only,1200,0.12,-0.1287802220928403,-0.1301919114098254,-0.1263700228439487,5,mi,raw
real_only,1300,0.13,-0.1416553245099117,-0.1431826230352257,-0.139267113268548,5,mi,raw
real_only,1400,0.14,-0.1546828103434425,-0.1564754442333098,-0.1521342440446641,5,mi,raw
real_only,1500,0.15,-0.1680269973869478,-0.1700381240149506,-0.1646502535085906,5,mi,raw
real_only,1600,0.16,-0.1812167013193762,-0.1837789762202083,-0.1754841033954787,5,mi,raw
real_only,1700,0.17,-0.1940197633754894,-0.1979811136437642,-0.1841794630562238,5,mi,raw
real_only,1800,0.18,-0.2068925767359281,-0.2125906394199077,-0.1924285460093184,5,mi,raw
real_only,1900,0.19,-0.219088511189745,-0.2275608942275608,-0.1973310516677174,5,mi,raw
real_only,2000,0.2,-0.2316123107706463,-0.2429054054054054,-0.2022156174007024,5,mi,raw
real_only,2100,0.21,-0.2433710115055218,-0.2586383852206637,-0.2027891880059785,5,mi,raw
real_only,2200,0.22,-0.2557984085138908,-0.2747747747747747,-0.2054288861638226,5,mi,raw
real_only,2300,0.23,-0.2666803741107982,-0.2913302913302913,-0.2018159360229071,5,mi,raw
real_only,2400,0.24,-0.2773552417304461,-0.3083214793741109,-0.1980773332954109,5,mi,raw
real_only,2500,0.25,-0.2873269313625973,-0.3257657657657657,-0.1939385751598667,5,mi,raw
real_only,2600,0.26,-0.2974570440658349,-0.3435295836376917,-0.191219319833208,5,mi,raw
real_only,2700,0.27,-0.307671321508611,-0.3614783413550537,-0.1888167951645797,5,mi,raw
real_only,2800,0.28,-0.3164986080379217,-0.3800515220705709,-0.1827404004923594,5,mi,raw
real_only,2900,0.29,-0.326060001890455,-0.3990070254369053,-0.1810325340315331,5,mi,raw
real_only,3000,0.3,-0.3338763894554221,-0.4184485555923005,-0.1762226425290461,5,mi,raw
real_only,3100,0.31,-0.3414923621388149,-0.4372777868972434,-0.173396535993014,5,mi,raw
real_only,3200,0.32,-0.347249891212318,-0.4550519294188097,-0.1687731455727386,5,mi,raw
real_only,3300,0.33,-0.3540117491658382,-0.4739762954508223,-0.1664435186940197,5,mi,raw
real_only,3400,0.34,-0.3580600833694592,-0.491113896658074,-0.1618809003299681,5,mi,raw
real_only,3500,0.35,-0.3632820819905391,-0.5088066719058342,-0.1613763431920686,5,mi,raw
real_only,3600,0.36,-0.3677080007594733,-0.5258775554634613,-0.1604262361523911,5,mi,raw
real_only,3700,0.37,-0.3704280610559994,-0.5421103770231034,-0.1605070272727662,5,mi,raw
real_only,3800,0.38,-0.373141897368863,-0.5568729241395914,-0.1596177144799574,5,mi,raw
real_only,3900,0.39,-0.3759295358629079,-0.5724300969082708,-0.1596298740703664,5,mi,raw
real_only,4000,0.4,-0.3774643424835265,-0.5876086010355128,-0.1578582365126541,5,mi,raw
real_only,4100,0.41,-0.3792472943453026,-0.6034624074933381,-0.1576229969911933,5,mi,raw
real_only,4200,0.42,-0.3794667857582633,-0.6181482995074754,-0.1560854941348563,5,mi,raw
real_only,4300,0.43,-0.3801905030216865,-0.6313029176305816,-0.1567603824476077,5,mi,raw
real_only,4400,0.44,-0.3790793388826353,-0.6415665060783948,-0.1570251283436908,5,mi,raw
real_only,4500,0.45,-0.3773185426344032,-0.650461822191625,-0.1562771732455601,5,mi,raw
real_only,4600,0.46,-0.376443260877738,-0.6610338844653895,-0.1564281925805838,5,mi,raw
real_only,4700,0.47,-0.3725155713390305,-0.667587913929846,-0.1564911064322238,5,mi,raw
real_only,4800,0.48,-0.3686404506058653,-0.6711507824204392,-0.1563735372976118,5,mi,raw
real_only,4900,0.49,-0.3650872479358261,-0.6762486619365682,-0.1560712261127093,5,mi,raw
real_only,5000,0.5,-0.3606048474846097,-0.6807461971563566,-0.1556606322615508,5,mi,raw
rla_selected,100,0.01,-0.0033863983607295,-0.0046150323642892,-0.0012308985559457,5,mi,raw
rla_selected,200,0.02,-0.0136250350786962,-0.0148662061639248,-0.0114475403779452,5,mi,raw
rla_selected,300,0.03,-0.0240747777083734,-0.0253287443718004,-0.0218748346086456,5,mi,raw
rla_selected,400,0.04,-0.0347422233095024,-0.0360092521256733,-0.0325193641358191,5,mi,raw
rla_selected,500,0.05,-0.0456342467127603,-0.0469146126743646,-0.0433879890214593,5,mi,raw
rla_selected,600,0.06,-0.0567511166417729,-0.0580209582322294,-0.0544878612450918,5,mi,raw
rla_selected,700,0.07,-0.0680721948818626,-0.0692092612088079,-0.0658264403982648,5,mi,raw
rla_selected,800,0.08,-0.0795947422346867,-0.0807873090481786,-0.0774115104025938,5,mi,raw
rla_selected,900,0.09,-0.0913663755057972,-0.0926640926640926,-0.0892511973300949,5,mi,raw
rla_selected,1000,0.1,-0.1032927226064216,-0.1048048048048048,-0.1013539884115403,5,mi,raw
rla_selected,1100,0.11,-0.1154318236886264,-0.117218341937443,-0.1136309955705867,5,mi,raw
rla_selected,1200,0.12,-0.1277927739829928,-0.1299140049140049,-0.1253801183955196,5,mi,raw
rla_selected,1300,0.13,-0.1403068228623297,-0.142901522211867,-0.1367418560376661,5,mi,raw
rla_selected,1400,0.14,-0.152844212352956,-0.1561910747957259,-0.1477928655360273,5,mi,raw
rla_selected,1500,0.15,-0.1655157524134112,-0.1697933227344992,-0.1582084333328034,5,mi,raw
rla_selected,1600,0.16,-0.1773593139980602,-0.1837194337194337,-0.1655485647379729,5,mi,raw
rla_selected,1700,0.17,-0.1888716920303954,-0.1979811136437642,-0.1724239297096519,5,mi,raw
rla_selected,1800,0.18,-0.2006371810287692,-0.2125906394199077,-0.1799276398600245,5,mi,raw
rla_selected,1900,0.19,-0.2117338089237575,-0.2275608942275608,-0.1863336902605568,5,mi,raw
rla_selected,2000,0.2,-0.2231956666204166,-0.2429054054054054,-0.1933058632801945,5,mi,raw
rla_selected,2100,0.21,-0.233840231251126,-0.2586383852206637,-0.1980237978787806,5,mi,raw
rla_selected,2200,0.22,-0.2453590955077039,-0.2747747747747747,-0.2002092296607292,5,mi,raw
rla_selected,2300,0.23,-0.2553868311231185,-0.2913302913302913,-0.1961691645290672,5,mi,raw
rla_selected,2400,0.24,-0.2653726911683935,-0.3082958748221905,-0.1921116625663049,5,mi,raw
rla_selected,2500,0.25,-0.2754020656701013,-0.3254684684684684,-0.1882734396109159,5,mi,raw
rla_selected,2600,0.26,-0.2857258865736048,-0.343186608400904,-0.185752572350789,5,mi,raw
rla_selected,2700,0.27,-0.2961244946056086,-0.36146428099473,-0.1833232780477693,5,mi,raw
rla_selected,2800,0.28,-0.3055164207709465,-0.3800515220705709,-0.1775646221741871,5,mi,raw
rla_selected,2900,0.29,-0.3157863043219113,-0.3990070254369053,-0.1761054302034851,5,mi,raw
rla_selected,3000,0.3,-0.3247514237516939,-0.4184485555923005,-0.1716949087119311,5,mi,raw
rla_selected,3100,0.31,-0.3341604370485401,-0.4372777868972434,-0.1693420109723576,5,mi,raw
rla_selected,3200,0.32,-0.341935385486413,-0.4550519294188097,-0.1653146208496908,5,mi,raw
rla_selected,3300,0.33,-0.3507128503040781,-0.4739762954508223,-0.1634362636963789,5,mi,raw
rla_selected,3400,0.34,-0.3571425041508803,-0.491113896658074,-0.1594024547010227,5,mi,raw
rla_selected,3500,0.35,-0.3648300009942808,-0.5088066719058342,-0.1592646478082846,5,mi,raw
rla_selected,3600,0.36,-0.3708845244528506,-0.5258775554634613,-0.1588574034044852,5,mi,raw
rla_selected,3700,0.37,-0.3770602015919498,-0.5421103770231034,-0.1593010040186478,5,mi,raw
rla_selected,3800,0.38,-0.3818257687135148,-0.5568729241395914,-0.1589718559064245,5,mi,raw
rla_selected,3900,0.39,-0.3879321662456482,-0.5724300969082708,-0.1596816987876559,5,mi,raw
rla_selected,4000,0.4,-0.3924909897738863,-0.5876086010355128,-0.1585607493470232,5,mi,raw
rla_selected,4100,0.41,-0.3977696258442734,-0.6034624074933381,-0.159106334064545,5,mi,raw
rla_selected,4200,0.42,-0.4016295427069029,-0.6181482995074754,-0.1584334150136496,5,mi,raw
rla_selected,4300,0.43,-0.4054577752427835,-0.6313029176305816,-0.159675194470911,5,mi,raw
rla_selected,4400,0.44,-0.4069694405873816,-0.6415665060783948,-0.1603369745628594,5,mi,raw
rla_selected,4500,0.45,-0.4076801621449014,-0.650461822191625,-0.1600083515511777,5,mi,raw
rla_selected,4600,0.46,-0.4096161738609726,-0.6610338844653895,-0.1606132476707996,5,mi,raw
rla_selected,4700,0.47,-0.4097938192483776,-0.6686965833758286,-0.1615437948948015,5,mi,raw
rla_selected,4800,0.48,-0.4081468008028396,-0.6732681912681913,-0.1619333652027518,5,mi,raw
rla_selected,4900,0.49,-0.406575192800124,-0.6793540010598834,-0.162196756573475,5,mi,raw
rla_selected,5000,0.5,-0.4058444832295143,-0.6855945945945946,-0.1623345041880572,5,mi,raw
treat_all,100,0.01,-0.0033863983607295,-0.0046150323642892,-0.0012308985559457,5,mi,raw
treat_all,200,0.02,-0.0136250350786962,-0.0148662061639248,-0.0114475403779452,5,mi,raw
treat_all,300,0.03,-0.0240747777083734,-0.0253287443718004,-0.0218748346086456,5,mi,raw
treat_all,400,0.04,-0.0347422233095024,-0.0360092521256733,-0.0325193641358191,5,mi,raw
treat_all,500,0.05,-0.0456342467127603,-0.0469146126743646,-0.0433879890214593,5,mi,raw
treat_all,600,0.06,-0.0567580152948109,-0.0580520021709004,-0.0544878612450918,5,mi,raw
treat_all,700,0.07,-0.0681210047065831,-0.0694289054200499,-0.0658264403982648,5,mi,raw
treat_all,800,0.08,-0.0797310156273068,-0.0810531326528764,-0.0774115104025938,5,mi,raw
treat_all,900,0.09,-0.0915961916232113,-0.0929328374073037,-0.0892511973300949,5,mi,raw
treat_all,1000,0.1,-0.1037250381968026,-0.1050765356007182,-0.1013539884115403,5,mi,raw
treat_all,1100,0.11,-0.1161264431203621,-0.1174931258883667,-0.1137287523262768,5,mi,raw
treat_all,1200,0.12,-0.1288096981558208,-0.1301919114098254,-0.1263847608754389,5,mi,raw
treat_all,1300,0.13,-0.1417845222725543,-0.1431826230352257,-0.1393317121498693,5,mi,raw
treat_all,1400,0.14,-0.1550610864850259,-0.1564754442333098,-0.1525797553144027,5,mi,raw
treat_all,1500,0.15,-0.1686500404436733,-0.1700810376948781,-0.166139517141631,5,mi,raw
treat_all,1600,0.16,-0.1825625409251456,-0.1840105738579124,-0.1800221304409361,5,mi,raw
treat_all,1700,0.17,-0.196810282382075,-0.1982757614947547,-0.1942392645426342,5,mi,raw
treat_all,1800,0.18,-0.2114055297281979,-0.2128888805373736,-0.2088031580126662,5,mi,raw
treat_all,1900,0.19,-0.2263611535520028,-0.2278628173341313,-0.2237266537906004,5,mi,raw
treat_all,2000,0.2,-0.2416906679714029,-0.243211102550808,-0.2390232369629829,5,mi,raw
treat_all,2100,0.21,-0.2574082713634459,-0.2589479519501853,-0.2547070754055523,5,mi,raw
treat_all,2200,0.22,-0.2735288902270799,-0.275088310308521,-0.2707930635517774,5,mi,raw
treat_all,2300,0.23,-0.2900682264637952,-0.2916478987540862,-0.2872968695719303,5,mi,raw
treat_all,2400,0.24,-0.3070428083909504,-0.3086432658429558,-0.3042349862768241,5,mi,raw
treat_all,2500,0.25,-0.324470045836163,-0.3260918427208618,-0.3216247860938485,5,mi,raw
treat_all,2600,0.26,-0.3423682896988139,-0.3440120027576303,-0.3394845805005221,5,mi,raw
treat_all,2700,0.27,-0.3607568964070169,-0.3624231260830773,-0.357833684342995,5,mi,raw
treat_all,2800,0.28,-0.3796562977460033,-0.3813456695008979,-0.3766924855144255,5,mi,raw
treat_all,2900,0.29,-0.3990880765874962,-0.4008012423107696,-0.3960825205216709,5,mi,raw
treat_all,3000,0.3,-0.4190750491101747,-0.4208126886294949,-0.4160265565291234,5,mi,raw
treat_all,3100,0.31,-0.4396413541697425,-0.4414041768705021,-0.4365486805367919,5,mi,raw
treat_all,3200,0.32,-0.4608125505545916,-0.4626012971185977,-0.4576743964270388,5,mi,raw
treat_all,3300,0.33,-0.4826157229509289,-0.4844311672248454,-0.4794307307020692,5,mi,raw
treat_all,3400,0.34,-0.5050795975410945,-0.506922548546434,-0.5018463478339189,5,mi,raw
treat_all,3500,0.35,-0.5282346682724958,-0.5301059723702252,-0.5249516762621329,5,mi,raw
treat_all,3600,0.36,-0.5521133349642536,-0.55401387818851,-0.5487790462037287,5,mi,raw
treat_all,3700,0.37,-0.5767500545668608,-0.5786807651438831,-0.5733628405879149,5,mi,raw
treat_all,3800,0.38,-0.6021815070598746,-0.6041433581300748,-0.5987396605973974,5,mi,raw
treat_all,3900,0.39,-0.6284467776674136,-0.6304407902305679,-0.6249485074924367,5,mi,raw
treat_all,4000,0.4,-0.6555875572952039,-0.6576148034010774,-0.6520309826173107,5,mi,raw
treat_all,4100,0.41,-0.6836483633510546,-0.6857099695604174,-0.6800315077464174,5,mi,raw
treat_all,4200,0.42,-0.7126767834088314,-0.7147739345528384,-0.708997568224804,5,mi,raw
treat_all,4300,0.43,-0.7427237445212671,-0.7448576877906076,-0.7389799817024322,5,mi,raw
treat_all,4400,0.44,-0.7738438113877184,-0.7760158607868686,-0.7700331956614043,5,mi,raw
treat_all,4500,0.45,-0.8060955170493133,-0.8083070582557206,-0.8022156174007025,5,mi,raw
treat_all,4600,0.46,-0.8395417303280043,-0.841794226001197,-0.8355899806859007,5,mi,raw
treat_all,4700,0.47,-0.8742500648624949,-0.8765450604540498,-0.8702237539063893,5,mi,raw
treat_all,4800,0.48,-0.9102933353406196,-0.9126324654627812,-0.906189595327666,5,mi,raw
treat_all,4900,0.49,-0.947750067406122,-0.9501350628247968,-0.9435658619027184,5,mi,raw
treat_all,5000,0.5,-0.9867050687542444,-0.9891377640812928,-0.9824371791407728,5,mi,raw
treat_none,100,0.01,0.0,0.0,0.0,5,mi,raw
treat_none,200,0.02,0.0,0.0,0.0,5,mi,raw
treat_none,300,0.03,0.0,0.0,0.0,5,mi,raw
treat_none,400,0.04,0.0,0.0,0.0,5,mi,raw
treat_none,500,0.05,0.0,0.0,0.0,5,mi,raw
treat_none,600,0.06,0.0,0.0,0.0,5,mi,raw
treat_none,700,0.07,0.0,0.0,0.0,5,mi,raw
treat_none,800,0.08,0.0,0.0,0.0,5,mi,raw
treat_none,900,0.09,0.0,0.0,0.0,5,mi,raw
treat_none,1000,0.1,0.0,0.0,0.0,5,mi,raw
treat_none,1100,0.11,0.0,0.0,0.0,5,mi,raw
treat_none,1200,0.12,0.0,0.0,0.0,5,mi,raw
treat_none,1300,0.13,0.0,0.0,0.0,5,mi,raw
treat_none,1400,0.14,0.0,0.0,0.0,5,mi,raw
treat_none,1500,0.15,0.0,0.0,0.0,5,mi,raw
treat_none,1600,0.16,0.0,0.0,0.0,5,mi,raw
treat_none,1700,0.17,0.0,0.0,0.0,5,mi,raw
treat_none,1800,0.18,0.0,0.0,0.0,5,mi,raw
treat_none,1900,0.19,0.0,0.0,0.0,5,mi,raw
treat_none,2000,0.2,0.0,0.0,0.0,5,mi,raw
treat_none,2100,0.21,0.0,0.0,0.0,5,mi,raw
treat_none,2200,0.22,0.0,0.0,0.0,5,mi,raw
treat_none,2300,0.23,0.0,0.0,0.0,5,mi,raw
treat_none,2400,0.24,0.0,0.0,0.0,5,mi,raw
treat_none,2500,0.25,0.0,0.0,0.0,5,mi,raw
treat_none,2600,0.26,0.0,0.0,0.0,5,mi,raw
treat_none,2700,0.27,0.0,0.0,0.0,5,mi,raw
treat_none,2800,0.28,0.0,0.0,0.0,5,mi,raw
treat_none,2900,0.29,0.0,0.0,0.0,5,mi,raw
treat_none,3000,0.3,0.0,0.0,0.0,5,mi,raw
treat_none,3100,0.31,0.0,0.0,0.0,5,mi,raw
treat_none,3200,0.32,0.0,0.0,0.0,5,mi,raw
treat_none,3300,0.33,0.0,0.0,0.0,5,mi,raw
treat_none,3400,0.34,0.0,0.0,0.0,5,mi,raw
treat_none,3500,0.35,0.0,0.0,0.0,5,mi,raw
treat_none,3600,0.36,0.0,0.0,0.0,5,mi,raw
treat_none,3700,0.37,0.0,0.0,0.0,5,mi,raw
treat_none,3800,0.38,0.0,0.0,0.0,5,mi,raw
treat_none,3900,0.39,0.0,0.0,0.0,5,mi,raw
treat_none,4000,0.4,0.0,0.0,0.0,5,mi,raw
treat_none,4100,0.41,0.0,0.0,0.0,5,mi,raw
treat_none,4200,0.42,0.0,0.0,0.0,5,mi,raw
treat_none,4300,0.43,0.0,0.0,0.0,5,mi,raw
treat_none,4400,0.44,0.0,0.0,0.0,5,mi,raw
treat_none,4500,0.45,0.0,0.0,0.0,5,mi,raw
treat_none,4600,0.46,0.0,0.0,0.0,5,mi,raw
treat_none,4700,0.47,0.0,0.0,0.0,5,mi,raw
treat_none,4800,0.48,0.0,0.0,0.0,5,mi,raw
treat_none,4900,0.49,0.0,0.0,0.0,5,mi,raw
treat_none,5000,0.5,0.0,0.0,0.0,5,mi,raw
real_only,100,0.01,-0.0033863983607295,-0.0046150323642892,-0.0012308985559457,5,mi,calibrated
real_only,200,0.02,-0.0136250350786962,-0.0148662061639248,-0.0114475403779452,5,mi,calibrated
real_only,300,0.03,-0.0240747777083734,-0.0253287443718004,-0.0218748346086456,5,mi,calibrated
real_only,400,0.04,-0.0347422233095024,-0.0360092521256733,-0.0325193641358191,5,mi,calibrated
real_only,500,0.05,-0.0456342467127603,-0.0469146126743646,-0.0433879890214593,5,mi,calibrated
real_only,600,0.06,-0.0567580152948109,-0.0580520021709004,-0.0544878612450918,5,mi,calibrated
real_only,700,0.07,-0.0681169372211897,-0.0694289054200499,-0.0658244066555682,5,mi,calibrated
real_only,800,0.08,-0.0796981220497778,-0.0810531326528764,-0.0773950636138293,5,mi,calibrated
real_only,900,0.09,-0.0914839558449393,-0.0929328374073037,-0.0891950794409589,5,mi,calibrated
real_only,1000,0.1,-0.1034128102704163,-0.1050765356007182,-0.1011498393827493,5,mi,calibrated
real_only,1100,0.11,-0.115559332500396,-0.1174931258883667,-0.1123911241723311,5,mi,calibrated
real_only,1200,0.12,-0.1275667908334755,-0.1301919114098254,-0.1220198472157401,5,mi,calibrated
real_only,1300,0.13,-0.139448403112464,-0.1431826230352257,-0.1300614621087187,5,mi,calibrated
real_only,1400,0.14,-0.1512619875614163,-0.156435857195237,-0.1367801285636188,5,mi,calibrated
real_only,1500,0.15,-0.1632333803994881,-0.169995210335023,-0.1431218907449496,5,mi,calibrated
real_only,1600,0.16,-0.174935258723424,-0.1837194337194337,-0.1479124046268061,5,mi,calibrated
real_only,1700,0.17,-0.1861573281742171,-0.1979423640507977,-0.1503426296377077,5,mi,calibrated
real_only,1800,0.18,-0.1971139347148599,-0.2123355306526038,-0.1524241964927079,5,mi,calibrated
real_only,1900,0.19,-0.207664561075531,-0.2271607913416432,-0.152268822907389,5,mi,calibrated
real_only,2000,0.2,-0.2185748446365846,-0.2425003012334139,-0.152431775195893,5,mi,calibrated
real_only,2100,0.21,-0.2287433683585253,-0.2582281531477609,-0.1513761248242862,5,mi,calibrated
real_only,2200,0.22,-0.2394746361933608,-0.2743592833163218,-0.1525221397899052,5,mi,calibrated
real_only,2300,0.23,-0.2491820314754656,-0.2909094038788715,-0.1515990085117347,5,mi,calibrated
real_only,2400,0.24,-0.2574923112933607,-0.3078950539299093,-0.1492839773034315,5,mi,calibrated
real_only,2500,0.25,-0.2660868331179057,-0.3253336546489748,-0.1486985499414573,5,mi,calibrated
real_only,2600,0.26,-0.2752963305872161,-0.3432435689009879,-0.1477299780190891,5,mi,calibrated
real_only,2700,0.27,-0.2842968196253831,-0.3616441657352481,-0.1475432408123684,5,mi,calibrated
real_only,2800,0.28,-0.2924979589154136,-0.3805558902593488,-0.1457338857365877,5,mi,calibrated
real_only,2900,0.29,-0.3014941541432592,-0.4000003394179311,-0.1451765986353136,5,mi,calibrated
real_only,3000,0.3,-0.3099398638998747,-0.4200003442667587,-0.1426294051800671,5,mi,calibrated
real_only,3100,0.31,-0.3176675729334118,-0.4405679201045906,-0.1424417215871934,5,mi,calibrated
real_only,3200,0.32,-0.3265826930288681,-0.4616887692880668,-0.142316067199644,5,mi,calibrated
real_only,3300,0.33,-0.3353768876612722,-0.4832497436722999,-0.1429182108909653,5,mi,calibrated
real_only,3400,0.34,-0.3436055288419514,-0.5053232508379767,-0.1435279572269575,5,mi,calibrated
real_only,3500,0.35,-0.3519043805096223,-0.527819878989833,-0.1447903892918753,5,mi,calibrated
real_only,3600,0.36,-0.3600878478789516,-0.550769594320746,-0.1456076060524182,5,mi,calibrated
real_only,3700,0.37,-0.3677238009229363,-0.5742347164395258,-0.1452889180530358,5,mi,calibrated
real_only,3800,0.38,-0.3738053265370206,-0.5979146402854902,-0.146016333859201,5,mi,calibrated
real_only,3900,0.39,-0.3800305345631597,-0.6219098479772378,-0.146244479781716,5,mi,calibrated
real_only,4000,0.4,-0.3854975061524642,-0.6466877834332576,-0.1463478339187607,5,mi,calibrated
real_only,4100,0.41,-0.3894379954260791,-0.6716919805878812,-0.1472950508108207,5,mi,calibrated
real_only,4200,0.42,-0.3940919647670851,-0.6973636630788936,-0.1487091093739809,5,mi,calibrated
real_only,4300,0.43,-0.3988373380562119,-0.7238422483690474,-0.149279711031158,5,mi,calibrated
real_only,4400,0.44,-0.4033467287876906,-0.7510262148704461,-0.1503589763384413,5,mi,calibrated
real_only,4500,0.45,-0.4054681854363021,-0.7767477619104206,-0.1508609466728893,5,mi,calibrated
real_only,4600,0.46,-0.4040910318586622,-0.7874361370286797,-0.1515946641047964,5,mi,calibrated
real_only,4700,0.47,-0.3994409526705642,-0.784684315924924,-0.1522979510892007,5,mi,calibrated
real_only,4800,0.48,-0.3924771031709697,-0.772948418728208,-0.1533805832103589,5,mi,calibrated
real_only,4900,0.49,-0.3787453620793417,-0.7374009273192322,-0.1544097779614412,5,mi,calibrated
real_only,5000,0.5,-0.3606048474846097,-0.6807461971563566,-0.1556606322615508,5,mi,calibrated
rla_selected,100,0.01,-0.0033863983607295,-0.0046150323642892,-0.0012308985559457,5,mi,calibrated
rla_selected,200,0.02,-0.0136250350786962,-0.0148662061639248,-0.0114475403779452,5,mi,calibrated
rla_selected,300,0.03,-0.0240747777083734,-0.0253287443718004,-0.0218748346086456,5,mi,calibrated
rla_selected,400,0.04,-0.0347422233095024,-0.0360092521256733,-0.0325193641358191,5,mi,calibrated
rla_selected,500,0.05,-0.0456342467127603,-0.0469146126743646,-0.0433879890214593,5,mi,calibrated
rla_selected,600,0.06,-0.0567580152948109,-0.0580520021709004,-0.0544878612450918,5,mi,calibrated
rla_selected,700,0.07,-0.068108802250403,-0.0693922980515095,-0.0658244066555682,5,mi,calibrated
rla_selected,800,0.08,-0.0796746266372571,-0.0809474032965333,-0.0773950636138293,5,mi,calibrated
rla_selected,900,0.09,-0.0913984428710178,-0.0926640926640926,-0.0891950794409589,5,mi,calibrated
rla_selected,1000,0.1,-0.1032026568584255,-0.1048048048048048,-0.1011498393827493,5,mi,calibrated
rla_selected,1100,0.11,-0.1152187018175256,-0.117218341937443,-0.1123911241723311,5,mi,calibrated
rla_selected,1200,0.12,-0.1269846385896101,-0.1299140049140049,-0.1220198472157401,5,mi,calibrated
rla_selected,1300,0.13,-0.1385843930747917,-0.142901522211867,-0.1300332000981406,5,mi,calibrated
rla_selected,1400,0.14,-0.1500655792996643,-0.1561910747957259,-0.1365859635673576,5,mi,calibrated
rla_selected,1500,0.15,-0.1616312696821939,-0.1697933227344992,-0.1427245418567318,5,mi,calibrated
rla_selected,1600,0.16,-0.1729589588816824,-0.1837194337194337,-0.1472394848239215,5,mi,calibrated
rla_selected,1700,0.17,-0.1837763579787064,-0.1979811136437642,-0.1492709557495043,5,mi,calibrated
rla_selected,1800,0.18,-0.1939296992011815,-0.2125906394199077,-0.1505769699685648,5,mi,calibrated
rla_selected,1900,0.19,-0.2040555371186731,-0.2275608942275608,-0.1499507974154466,5,mi,calibrated
rla_selected,2000,0.2,-0.2143331970176066,-0.2429054054054054,-0.1494798703053229,5,mi,calibrated
rla_selected,2100,0.21,-0.2245139684025444,-0.2586168320218953,-0.1479179421230662,5,mi,calibrated
rla_selected,2200,0.22,-0.2351856910430268,-0.2745308385308384,-0.148759517524716,5,mi,calibrated
rla_selected,2300,0.23,-0.2456910718920986,-0.2909094038788715,-0.1476241942332188,5,mi,calibrated
rla_selected,2400,0.24,-0.2561600136520712,-0.3078950539299093,-0.1456135610574666,5,mi,calibrated
rla_selected,2500,0.25,-0.2668093551535864,-0.3253336546489748,-0.1453661172656039,5,mi,calibrated
rla_selected,2600,0.26,-0.2767825338501489,-0.3432435689009879,-0.1441998875395255,5,mi,calibrated
rla_selected,2700,0.27,-0.287375253553754,-0.3616441657352481,-0.1442212952441584,5,mi,calibrated
rla_selected,2800,0.28,-0.2976558425488444,-0.3805558902593488,-0.1425380527785283,5,mi,calibrated
rla_selected,2900,0.29,-0.3079030881580478,-0.4000003394179311,-0.1421697980370741,5,mi,calibrated
rla_selected,3000,0.3,-0.3182269510796935,-0.4200003442667587,-0.1400895510865789,5,mi,calibrated
rla_selected,3100,0.31,-0.3290176764878549,-0.4405679201045906,-0.1404023197803962,5,mi,calibrated
rla_selected,3200,0.32,-0.3401829712160465,-0.4616887692880668,-0.1406249503313889,5,mi,calibrated
rla_selected,3300,0.33,-0.3505505887389767,-0.4832497436722999,-0.1417204708691075,5,mi,calibrated
rla_selected,3400,0.34,-0.3604019742766028,-0.5053232508379767,-0.1428311758492791,5,mi,calibrated
rla_selected,3500,0.35,-0.3705158677685021,-0.527819878989833,-0.1443081911333735,5,mi,calibrated
rla_selected,3600,0.36,-0.3804493279756383,-0.550769594320746,-0.1456194271818427,5,mi,calibrated
rla_selected,3700,0.37,-0.389031317031317,-0.5742347164395258,-0.1454317365962867,5,mi,calibrated
rla_selected,3800,0.38,-0.3972643115612147,-0.5979146402854902,-0.146894039100156,5,mi,calibrated
rla_selected,3900,0.39,-0.404735298043602,-0.6219098479772378,-0.1473500737505591,5,mi,calibrated
rla_selected,4000,0.4,-0.412739785448783,-0.6466877834332576,-0.1481311357290822,5,mi,calibrated
rla_selected,4100,0.41,-0.4200924713244973,-0.6716919805878812,-0.1500739607710238,5,mi,calibrated
rla_selected,4200,0.42,-0.4266420072860083,-0.6973636630788936,-0.1518201045383819,5,mi,calibrated
rla_selected,4300,0.43,-0.4331027581001841,-0.7238422483690474,-0.1529894717880895,5,mi,calibrated
rla_selected,4400,0.44,-0.4387423236337042,-0.7510262148704461,-0.1542227969274713,5,mi,calibrated
rla_selected,4500,0.45,-0.4426305487526778,-0.7767477619104206,-0.1550342659232148,5,mi,calibrated
rla_selected,4600,0.46,-0.4425129452608513,-0.7874361370286797,-0.1562400552403253,5,mi,calibrated
rla_selected,4700,0.47,-0.4397389847776026,-0.784684315924924,-0.1575423266531737,5,mi,calibrated
rla_selected,4800,0.48,-0.4337296937783293,-0.772948418728208,-0.1591648826720428,5,mi,calibrated
rla_selected,4900,0.49,-0.4221028711213558,-0.7390524642289347,-0.1606651090590248,5,mi,calibrated
rla_selected,5000,0.5,-0.4058444832295143,-0.6855945945945946,-0.1623345041880572,5,mi,calibrated
treat_all,100,0.01,-0.0033863983607295,-0.0046150323642892,-0.0012308985559457,5,mi,calibrated
treat_all,200,0.02,-0.0136250350786962,-0.0148662061639248,-0.0114475403779452,5,mi,calibrated
treat_all,300,0.03,-0.0240747777083734,-0.0253287443718004,-0.0218748346086456,5,mi,calibrated
treat_all,400,0.04,-0.0347422233095024,-0.0360092521256733,-0.0325193641358191,5,mi,calibrated
treat_all,500,0.05,-0.0456342467127603,-0.0469146126743646,-0.0433879890214593,5,mi,calibrated
treat_all,600,0.06,-0.0567580152948109,-0.0580520021709004,-0.0544878612450918,5,mi,calibrated
treat_all,700,0.07,-0.0681210047065831,-0.0694289054200499,-0.0658264403982648,5,mi,calibrated
treat_all,800,0.08,-0.0797310156273068,-0.0810531326528764,-0.0774115104025938,5,mi,calibrated
treat_all,900,0.09,-0.0915961916232113,-0.0929328374073037,-0.0892511973300949,5,mi,calibrated
treat_all,1000,0.1,-0.1037250381968026,-0.1050765356007182,-0.1013539884115403,5,mi,calibrated
treat_all,1100,0.11,-0.1161264431203621,-0.1174931258883667,-0.1137287523262768,5,mi,calibrated
treat_all,1200,0.12,-0.1288096981558208,-0.1301919114098254,-0.1263847608754389,5,mi,calibrated
treat_all,1300,0.13,-0.1417845222725543,-0.1431826230352257,-0.1393317121498693,5,mi,calibrated
treat_all,1400,0.14,-0.1550610864850259,-0.1564754442333098,-0.1525797553144027,5,mi,calibrated
treat_all,1500,0.15,-0.1686500404436733,-0.1700810376948781,-0.166139517141631,5,mi,calibrated
treat_all,1600,0.16,-0.1825625409251456,-0.1840105738579124,-0.1800221304409361,5,mi,calibrated
treat_all,1700,0.17,-0.196810282382075,-0.1982757614947547,-0.1942392645426342,5,mi,calibrated
treat_all,1800,0.18,-0.2114055297281979,-0.2128888805373736,-0.2088031580126662,5,mi,calibrated
treat_all,1900,0.19,-0.2263611535520028,-0.2278628173341313,-0.2237266537906004,5,mi,calibrated
treat_all,2000,0.2,-0.2416906679714029,-0.243211102550808,-0.2390232369629829,5,mi,calibrated
treat_all,2100,0.21,-0.2574082713634459,-0.2589479519501853,-0.2547070754055523,5,mi,calibrated
treat_all,2200,0.22,-0.2735288902270799,-0.275088310308521,-0.2707930635517774,5,mi,calibrated
treat_all,2300,0.23,-0.2900682264637952,-0.2916478987540862,-0.2872968695719303,5,mi,calibrated
treat_all,2400,0.24,-0.3070428083909504,-0.3086432658429558,-0.3042349862768241,5,mi,calibrated
treat_all,2500,0.25,-0.324470045836163,-0.3260918427208618,-0.3216247860938485,5,mi,calibrated
treat_all,2600,0.26,-0.3423682896988139,-0.3440120027576303,-0.3394845805005221,5,mi,calibrated
treat_all,2700,0.27,-0.3607568964070169,-0.3624231260830773,-0.357833684342995,5,mi,calibrated
treat_all,2800,0.28,-0.3796562977460033,-0.3813456695008979,-0.3766924855144255,5,mi,calibrated
treat_all,2900,0.29,-0.3990880765874962,-0.4008012423107696,-0.3960825205216709,5,mi,calibrated
treat_all,3000,0.3,-0.4190750491101747,-0.4208126886294949,-0.4160265565291234,5,mi,calibrated
treat_all,3100,0.31,-0.4396413541697425,-0.4414041768705021,-0.4365486805367919,5,mi,calibrated
treat_all,3200,0.32,-0.4608125505545916,-0.4626012971185977,-0.4576743964270388,5,mi,calibrated
treat_all,3300,0.33,-0.4826157229509289,-0.4844311672248454,-0.4794307307020692,5,mi,calibrated
treat_all,3400,0.34,-0.5050795975410945,-0.506922548546434,-0.5018463478339189,5,mi,calibrated
treat_all,3500,0.35,-0.5282346682724958,-0.5301059723702252,-0.5249516762621329,5,mi,calibrated
treat_all,3600,0.36,-0.5521133349642536,-0.55401387818851,-0.5487790462037287,5,mi,calibrated
treat_all,3700,0.37,-0.5767500545668608,-0.5786807651438831,-0.5733628405879149,5,mi,calibrated
treat_all,3800,0.38,-0.6021815070598746,-0.6041433581300748,-0.5987396605973974,5,mi,calibrated
treat_all,3900,0.39,-0.6284467776674136,-0.6304407902305679,-0.6249485074924367,5,mi,calibrated
treat_all,4000,0.4,-0.6555875572952039,-0.6576148034010774,-0.6520309826173107,5,mi,calibrated
treat_all,4100,0.41,-0.6836483633510546,-0.6857099695604174,-0.6800315077464174,5,mi,calibrated
treat_all,4200,0.42,-0.7126767834088314,-0.7147739345528384,-0.708997568224804,5,mi,calibrated
treat_all,4300,0.43,-0.7427237445212671,-0.7448576877906076,-0.7389799817024322,5,mi,calibrated
treat_all,4400,0.44,-0.7738438113877184,-0.7760158607868686,-0.7700331956614043,5,mi,calibrated
treat_all,4500,0.45,-0.8060955170493133,-0.8083070582557206,-0.8022156174007025,5,mi,calibrated
treat_all,4600,0.46,-0.8395417303280043,-0.841794226001197,-0.8355899806859007,5,mi,calibrated
treat_all,4700,0.47,-0.8742500648624949,-0.8765450604540498,-0.8702237539063893,5,mi,calibrated
treat_all,4800,0.48,-0.9102933353406196,-0.9126324654627812,-0.906189595327666,5,mi,calibrated
treat_all,4900,0.49,-0.947750067406122,-0.9501350628247968,-0.9435658619027184,5,mi,calibrated
treat_all,5000,0.5,-0.9867050687542444,-0.9891377640812928,-0.9824371791407728,5,mi,calibrated
treat_none,100,0.01,0.0,0.0,0.0,5,mi,calibrated
treat_none,200,0.02,0.0,0.0,0.0,5,mi,calibrated
treat_none,300,0.03,0.0,0.0,0.0,5,mi,calibrated
treat_none,400,0.04,0.0,0.0,0.0,5,mi,calibrated
treat_none,500,0.05,0.0,0.0,0.0,5,mi,calibrated
treat_none,600,0.06,0.0,0.0,0.0,5,mi,calibrated
treat_none,700,0.07,0.0,0.0,0.0,5,mi,calibrated
treat_none,800,0.08,0.0,0.0,0.0,5,mi,calibrated
treat_none,900,0.09,0.0,0.0,0.0,5,mi,calibrated
treat_none,1000,0.1,0.0,0.0,0.0,5,mi,calibrated
treat_none,1100,0.11,0.0,0.0,0.0,5,mi,calibrated
treat_none,1200,0.12,0.0,0.0,0.0,5,mi,calibrated
treat_none,1300,0.13,0.0,0.0,0.0,5,mi,calibrated
treat_none,1400,0.14,0.0,0.0,0.0,5,mi,calibrated
treat_none,1500,0.15,0.0,0.0,0.0,5,mi,calibrated
treat_none,1600,0.16,0.0,0.0,0.0,5,mi,calibrated
treat_none,1700,0.17,0.0,0.0,0.0,5,mi,calibrated
treat_none,1800,0.18,0.0,0.0,0.0,5,mi,calibrated
treat_none,1900,0.19,0.0,0.0,0.0,5,mi,calibrated
treat_none,2000,0.2,0.0,0.0,0.0,5,mi,calibrated
treat_none,2100,0.21,0.0,0.0,0.0,5,mi,calibrated
treat_none,2200,0.22,0.0,0.0,0.0,5,mi,calibrated
treat_none,2300,0.23,0.0,0.0,0.0,5,mi,calibrated
treat_none,2400,0.24,0.0,0.0,0.0,5,mi,calibrated
treat_none,2500,0.25,0.0,0.0,0.0,5,mi,calibrated
treat_none,2600,0.26,0.0,0.0,0.0,5,mi,calibrated
treat_none,2700,0.27,0.0,0.0,0.0,5,mi,calibrated
treat_none,2800,0.28,0.0,0.0,0.0,5,mi,calibrated
treat_none,2900,0.29,0.0,0.0,0.0,5,mi,calibrated
treat_none,3000,0.3,0.0,0.0,0.0,5,mi,calibrated
treat_none,3100,0.31,0.0,0.0,0.0,5,mi,calibrated
treat_none,3200,0.32,0.0,0.0,0.0,5,mi,calibrated
treat_none,3300,0.33,0.0,0.0,0.0,5,mi,calibrated
treat_none,3400,0.34,0.0,0.0,0.0,5,mi,calibrated
treat_none,3500,0.35,0.0,0.0,0.0,5,mi,calibrated
treat_none,3600,0.36,0.0,0.0,0.0,5,mi,calibrated
treat_none,3700,0.37,0.0,0.0,0.0,5,mi,calibrated
treat_none,3800,0.38,0.0,0.0,0.0,5,mi,calibrated
treat_none,3900,0.39,0.0,0.0,0.0,5,mi,calibrated
treat_none,4000,0.4,0.0,0.0,0.0,5,mi,calibrated
treat_none,4100,0.41,0.0,0.0,0.0,5,mi,calibrated
treat_none,4200,0.42,0.0,0.0,0.0,5,mi,calibrated
treat_none,4300,0.43,0.0,0.0,0.0,5,mi,calibrated
treat_none,4400,0.44,0.0,0.0,0.0,5,mi,calibrated
treat_none,4500,0.45,0.0,0.0,0.0,5,mi,calibrated
treat_none,4600,0.46,0.0,0.0,0.0,5,mi,calibrated
treat_none,4700,0.47,0.0,0.0,0.0,5,mi,calibrated
treat_none,4800,0.48,0.0,0.0,0.0,5,mi,calibrated
treat_none,4900,0.49,0.0,0.0,0.0,5,mi,calibrated
treat_none,5000,0.5,0.0,0.0,0.0,5,mi,calibrated
